fragment_id,polymer,condition,MRI_mean,MRI_min,MRI_max,MRI_10um,MRI_1000um,safe_molecular_reactivity_score,aging_score,oxidation_score,polarity_score,QC_descriptor_class,interpretation_flag,MRI_mean_class
PET_COOH,PET,oxidized,0.7985891780544575,0.7499736068117154,0.8499736068117154,0.8499736068117154,0.7499736068117154,0.8166006836959552,2,3,0.9,usable_contact_descriptor,descriptor usable,very high MRI
PE_COOH,PE,oxidized,0.5926913969062702,0.5440758256635282,0.6440758256635282,0.6440758256635282,0.5440758256635282,0.351856230825487,2,3,0.7,rerun_required_Eads_artifact,use geometry/relative-stability descriptor; raw Eads excluded,high MRI
PET_F,PET,fresh,0.5752822379094086,0.5266666666666666,0.6266666666666666,0.6266666666666666,0.5266666666666666,1.0,0,1,0.6,usable_contact_descriptor,descriptor usable,high MRI
PE_F,PE,fresh,0.05861557124274206,0.010000000000000002,0.11000000000000001,0.11000000000000001,0.010000000000000002,0.0,0,0,0.1,rerun_required_Eads_artifact,use geometry/relative-stability descriptor; raw Eads excluded,low MRI
